,obj_that,obj_wh,pp_wh,subj_wh,emb_that,emb_wh,emb_whether,adj_that,adj_wh,adj_subj_that,adj_subj_wh,np_that,np_wh,pairID
0,The senator does figure out that all girls skated around that glacier for Jodi.,The senator does figure out what all girls skated around for Jodi.,The senator does figure out what all girls skated around that glacier for.,The senator does figure out what skated around that glacier.,Carl will find out that Roger figures out that every government found a cafe.,Carl will find out what Roger figures out that every government found.,Carl will find out that Roger figures out whether every government found a cafe.,Most teenagers do know that contractors are skating around most high schools while exploring the closet.,Most teenagers do know what contractors are skating around while exploring the closet.,Most teenagers do know that contractors hunted while exploring the closet are skating around most high schools.,Most teenagers do know what contractors hunted while exploring the closet are skating around.,Patrick investigated that a woman who shouldn't walk through a movie theater conceals the book.,Patrick investigated what a woman who shouldn't walk through a movie theater conceals.,0
1,The student hasn't discovered that this car looks like some painting for Curtis.,The student hasn't discovered what this car looks like for Curtis.,The student hasn't discovered what this car looks like some painting for.,The student hasn't discovered what looks like some painting.,Kristen would find out that Kendra forgot that those women go to those hills.,Kristen would find out what Kendra forgot that those women go to.,Kristen would find out that Kendra forgot whether those women go to those hills.,Andrea forgot that every goose broke most skateboards before breaking this couch.,Andrea forgot what every goose broke before breaking this couch.,Andrea forgot that every goose washed before breaking this couch broke most skateboards.,Andrea forgot what every goose washed before breaking this couch broke.,Every man might discover that all hats what weren't confusing that organization hinder Theodore.,Every man might discover who all hats what weren't confusing that organization hinder.,1
2,William hasn't learned that all carts are hindering some guy for Carl.,William hasn't learned who all carts are hindering for Carl.,William hasn't learned who all carts are hindering some guy for.,William hasn't learned who are hindering some guy.,Some committees investigate that that waitress discovered that some guy confused Omar.,Some committees investigate who that waitress discovered that some guy confused.,Some committees investigate that that waitress discovered whether some guy confused Omar.,Steve discovered that women bit Grace before holding Stephen.,Steve discovered who women bit before holding Stephen.,Steve discovered that women coped before holding Stephen bit Grace.,Steve discovered who women coped before holding Stephen bit.,Nancy wasn't finding out that these mirrors what resemble most paintings hurt Janet.,Nancy wasn't finding out who these mirrors what resemble most paintings hurt.,2
3,Christina can learn that every tutor escaped from Maria with Travis.,Christina can learn who every tutor escaped from with Travis.,Christina can learn who every tutor escaped from Maria with.,Christina can learn who escaped from Maria.,Scott hadn't revealed that Teresa isn't figuring out that a committee approached Meredith.,Scott hadn't revealed who Teresa isn't figuring out that a committee approached.,Scott hadn't revealed that Teresa isn't figuring out whether a committee approached Meredith.,All doctors had realized that the actress descends every slope without choosing these newspaper articles.,All doctors had realized what the actress descends without choosing these newspaper articles.,All doctors had realized that the actress gone bad without choosing these newspaper articles descends every slope.,All doctors had realized what the actress gone bad without choosing these newspaper articles descends.,Every guest hadn't learned that many waiters who exited this library weren't aggravating most lawyers.,Every guest hadn't learned who many waiters who exited this library weren't aggravating.,3
4,Jessica wasn't learning that most podiatrists are eating this pepper with Laura.,Jessica wasn't learning what most podiatrists are eating with Laura.,Jessica wasn't learning what most podiatrists are eating this pepper with.,Jessica wasn't learning what are eating this pepper.,Matt wasn't revealing that Amanda concealed that many students argue about that guest.,Matt wasn't revealing who Amanda concealed that many students argue about.,Matt wasn't revealing that Amanda concealed whether many students argue about that guest.,All associates realize that the student hasn't eaten these peppers after lifting the restaurants.,All associates realize what the student hasn't eaten after lifting the restaurants.,All associates realize that the student wasted away after lifting the restaurants hasn't eaten these peppers.,All associates realize what the student wasted away after lifting the restaurants hasn't eaten.,Pamela investigates that many teachers who hadn't hidden this vase haven't annoyed Katherine.,Pamela investigates who many teachers who hadn't hidden this vase haven't annoyed.,4
5,Mary figures out that that partner doesn't tear the dress with Gerald.,Mary figures out what that partner doesn't tear with Gerald.,Mary figures out what that partner doesn't tear the dress with.,Mary figures out what doesn't tear the dress.,The students remember that all associations investigate that some teachers observe Joseph.,The students remember who all associations investigate that some teachers observe.,The students remember that all associations investigate whether some teachers observe Joseph.,Every electrician isn't discovering that this tooth isn't aiding Bill after disgusting these organizations.,Every electrician isn't discovering who this tooth isn't aiding after disgusting these organizations.,Every electrician isn't discovering that this tooth shut after disgusting these organizations isn't aiding Bill.,Every electrician isn't discovering who this tooth shut after disgusting these organizations isn't aiding.,Those guests remember that that vase what resembled many sketches helps all guys.,Those guests remember who that vase what resembled many sketches helps.,5
6,People would learn that this child isn't making a lot of carts with Karen.,People would learn what this child isn't making with Karen.,People would learn what this child isn't making a lot of carts with.,People would learn what isn't making a lot of carts.,Theresa might realize that some library is finding out that most offspring drives that skateboard.,Theresa might realize what some library is finding out that most offspring drives.,Theresa might realize that some library is finding out whether most offspring drives that skateboard.,Jesus knows that adults were wearing most blouses after keeping these slopes.,Jesus knows what adults were wearing after keeping these slopes.,Jesus knows that adults distracted after keeping these slopes were wearing most blouses.,Jesus knows what adults distracted after keeping these slopes were wearing.,Dennis couldn't forget that those dentists who drive to that movie theater bent some dish.,Dennis couldn't forget what those dentists who drive to that movie theater bent.,6
7,Every waiter realized that every electrician bred hamsters with Richard.,Every waiter realized what every electrician bred with Richard.,Every waiter realized what every electrician bred hamsters with.,Every waiter realized what bred hamsters.,Amy does remember that many guests find out that these children sound like Douglas.,Amy does remember who many guests find out that these children sound like.,Amy does remember that many guests find out whether these children sound like Douglas.,The waiters aren't realizing that some dentists healed Sabrina after worrying Jason.,The waiters aren't realizing who some dentists healed after worrying Jason.,The waiters aren't realizing that some dentists tempted after worrying Jason healed Sabrina.,The waiters aren't realizing who some dentists tempted after worrying Jason healed.,Teenagers figure out that these actresses who upset Laurie aid Robert.,Teenagers figure out who these actresses who upset Laurie aid.,7
8,That podiatrist couldn't find out that the ladies weren't meeting Lawrence with Carrie.,That podiatrist couldn't find out who the ladies weren't meeting with Carrie.,That podiatrist couldn't find out who the ladies weren't meeting Lawrence with.,That podiatrist couldn't find out who weren't meeting Lawrence.,April didn't find out that a lot of organizations revealed that many partners examines this report.,April didn't find out what a lot of organizations revealed that many partners examines.,April didn't find out that a lot of organizations revealed whether many partners examines this report.,The hospitals conceal that those hairdressers were purchasing all doors after selling most pants.,The hospitals conceal what those hairdressers were purchasing after selling most pants.,The hospitals conceal that those hairdressers worked with after selling most pants were purchasing all doors.,The hospitals conceal what those hairdressers worked with after selling most pants were purchasing.,These ladies know that a print what looks like that waitress bores Carmen.,These ladies know who a print what looks like that waitress bores.,8
9,Dan finds out that many guests wouldn't fight some legislatures with Stacey.,Dan finds out what many guests wouldn't fight with Stacey.,Dan finds out what many guests wouldn't fight some legislatures with.,Dan finds out what wouldn't fight some legislatures.,Some guests know that a government was figuring out that every boy help Larry.,Some guests know who a government was figuring out that every boy help.,Some guests know that a government was figuring out whether every boy help Larry.,Walter has forgotten that that dancer kissed all teenagers before discovering Stacy.,Walter has forgotten who that dancer kissed before discovering Stacy.,Walter has forgotten that that dancer cooperated before discovering Stacy kissed all teenagers.,Walter has forgotten who that dancer cooperated before discovering Stacy kissed.,Judy isn't revealing that the mouse what bored Linda had hurt the actress.,Judy isn't revealing who the mouse what bored Linda had hurt.,9
10,Diane realized that some lawyers weren't healing Marie with most French teachers.,Diane realized who some lawyers weren't healing with most French teachers.,Diane realized who some lawyers weren't healing Marie with.,Diane realized who weren't healing Marie.,Russell wouldn't learn that some tutor figured out that those legislatures weren't listening to Jodi.,Russell wouldn't learn who some tutor figured out that those legislatures weren't listening to.,Russell wouldn't learn that some tutor figured out whether those legislatures weren't listening to Jodi.,Rachel is revealing that many patients haven't bred the hamsters before exposing that library.,Rachel is revealing what many patients haven't bred before exposing that library.,Rachel is revealing that many patients pressured before exposing that library haven't bred the hamsters.,Rachel is revealing what many patients pressured before exposing that library haven't bred.,Connie hasn't discovered that the tutors who were discovering the Lutherans have descended a lot of stairs.,Connie hasn't discovered what the tutors who were discovering the Lutherans have descended.,10
11,A driver will investigate that a doctor hadn't left Brian for Kevin.,A driver will investigate who a doctor hadn't left for Kevin.,A driver will investigate who a doctor hadn't left Brian for.,A driver will investigate who hadn't left Brian.,Rodney hadn't discovered that this waiter concealed that every senator had hated a lot of dresses.,Rodney hadn't discovered what this waiter concealed that every senator had hated.,Rodney hadn't discovered that this waiter concealed whether every senator had hated a lot of dresses.,Carlos does remember that those pedestrians escape from people without disturbing these associations.,Carlos does remember who those pedestrians escape from without disturbing these associations.,Carlos does remember that those pedestrians communicated without disturbing these associations escape from people.,Carlos does remember who those pedestrians communicated without disturbing these associations escape from.,Kenneth concealed that a lot of waiters who did fix some cars aren't distracting most waitresses.,Kenneth concealed who a lot of waiters who did fix some cars aren't distracting.,11
12,Florence reveals that that bird has broken all windows with William.,Florence reveals what that bird has broken with William.,Florence reveals what that bird has broken all windows with.,Florence reveals what has broken all windows.,John remembers that patients remember that the customers writes that commentary.,John remembers what patients remember that the customers writes.,John remembers that patients remember whether the customers writes that commentary.,Some women had forgotten that those companies had upset Keith while discussing some partner.,Some women had forgotten who those companies had upset while discussing some partner.,Some women had forgotten that those companies tipped over while discussing some partner had upset Keith.,Some women had forgotten who those companies tipped over while discussing some partner had upset.,Claire isn't realizing that some waitresses who respect Beth will escape from John.,Claire isn't realizing who some waitresses who respect Beth will escape from.,12
13,Catherine figures out that the students destroyed that carriage for the waitresses.,Catherine figures out what the students destroyed for the waitresses.,Catherine figures out what the students destroyed that carriage for.,Catherine figures out what destroyed that carriage.,Most companies conceal that Andrew realizes that every alumnus watch Natalie.,Most companies conceal who Andrew realizes that every alumnus watch.,Most companies conceal that Andrew realizes whether every alumnus watch Natalie.,Brett does forget that a senator hadn't revealed gates while losing those waiters.,Brett does forget what a senator hadn't revealed while losing those waiters.,Brett does forget that a senator tempted while losing those waiters hadn't revealed gates.,Brett does forget what a senator tempted while losing those waiters hadn't revealed.,Connie found out that the waitresses who talk to most actresses weren't complaining about all hairdressers.,Connie found out who the waitresses who talk to most actresses weren't complaining about.,13
14,Some adult can't reveal that the steak embarrasses the hospital for Naomi.,Some adult can't reveal what the steak embarrasses for Naomi.,Some adult can't reveal what the steak embarrasses the hospital for.,Some adult can't reveal what embarrasses the hospital.,Andrew isn't finding out that Cynthia has found out that that government had complained about the people.,Andrew isn't finding out who Cynthia has found out that that government had complained about.,Andrew isn't finding out that Cynthia has found out whether that government had complained about the people.,Every teacher didn't reveal that a tutor wasn't arriving at all hills after losing Martha.,Every teacher didn't reveal what a tutor wasn't arriving at after losing Martha.,Every teacher didn't reveal that a tutor maneuvered after losing Martha wasn't arriving at all hills.,Every teacher didn't reveal what a tutor maneuvered after losing Martha wasn't arriving at.,Rose has forgotten that those oncologists who are keeping that ship weren't insulting Samantha.,Rose has forgotten who those oncologists who are keeping that ship weren't insulting.,14
15,Deanna remembers that all French teachers could purchase the window for Samantha.,Deanna remembers what all French teachers could purchase for Samantha.,Deanna remembers what all French teachers could purchase the window for.,Deanna remembers what could purchase the window.,Most teachers aren't concealing that most museums shouldn't know that all legislatures haven't taken those apples.,Most teachers aren't concealing what most museums shouldn't know that all legislatures haven't taken.,Most teachers aren't concealing that most museums shouldn't know whether all legislatures haven't taken those apples.,A piano teacher wasn't revealing that this company fights the contractors while referencing Eric.,A piano teacher wasn't revealing who this company fights while referencing Eric.,A piano teacher wasn't revealing that this company awakened while referencing Eric fights the contractors.,A piano teacher wasn't revealing who this company awakened while referencing Eric fights.,Curtis learns that the teenagers who were hugging Maria would overwhelm Adam.,Curtis learns who the teenagers who were hugging Maria would overwhelm.,15
16,A lot of partners are learning that some girl appreciates Frank for the Clintons.,A lot of partners are learning who some girl appreciates for the Clintons.,A lot of partners are learning who some girl appreciates Frank for.,A lot of partners are learning who appreciates Frank.,Those tutors aren't remembering that many actresses couldn't reveal that the French teachers aren't drawing those scarves.,Those tutors aren't remembering what many actresses couldn't reveal that the French teachers aren't drawing.,Those tutors aren't remembering that many actresses couldn't reveal whether the French teachers aren't drawing those scarves.,Kendra realizes that the melody bored Suzanne while worrying Christina.,Kendra realizes who the melody bored while worrying Christina.,Kendra realizes that the melody brightened while worrying Christina bored Suzanne.,Kendra realizes who the melody brightened while worrying Christina bored.,French teachers investigate that the guests who weren't discussing all boys have talked to some oncologist.,French teachers investigate who the guests who weren't discussing all boys have talked to.,16
17,Kevin can't forget that a customer isn't healing most adults with Laura.,Kevin can't forget who a customer isn't healing with Laura.,Kevin can't forget who a customer isn't healing most adults with.,Kevin can't forget who isn't healing most adults.,Noah discovers that this hospital has forgotten that those oncologists appreciates Theresa.,Noah discovers who this hospital has forgotten that those oncologists appreciates.,Noah discovers that this hospital has forgotten whether those oncologists appreciates Theresa.,Those teachers aren't discovering that the actress was praising Michelle before healing Pamela.,Those teachers aren't discovering who the actress was praising before healing Pamela.,Those teachers aren't discovering that the actress surrendered before healing Pamela was praising Michelle.,Those teachers aren't discovering who the actress surrendered before healing Pamela was praising.,Mark learned that some actors who might repair a carriage reference Danielle.,Mark learned who some actors who might repair a carriage reference.,17
18,Debra knew that every boy listens to Andrew with some waiters.,Debra knew who every boy listens to with some waiters.,Debra knew who every boy listens to Andrew with.,Debra knew who listens to Andrew.,Jessica investigated that some person does figure out that that dentist forgave Vanessa.,Jessica investigated who some person does figure out that that dentist forgave.,Jessica investigated that some person does figure out whether that dentist forgave Vanessa.,Many ladies discovered that many boys weren't keeping the tile while exposing Denise.,Many ladies discovered what many boys weren't keeping while exposing Denise.,Many ladies discovered that many boys forfeited while exposing Denise weren't keeping the tile.,Many ladies discovered what many boys forfeited while exposing Denise weren't keeping.,The ladies reveal that a child who hid the mirrors hasn't bought this spotlight.,The ladies reveal what a child who hid the mirrors hasn't bought.,18
19,Some guests reveal that all dentists expose Kenneth with Bruce.,Some guests reveal who all dentists expose with Bruce.,Some guests reveal who all dentists expose Kenneth with.,Some guests reveal who expose Kenneth.,Carol was finding out that Anna is discovering that those contractors were cleaning those movie theaters.,Carol was finding out what Anna is discovering that those contractors were cleaning.,Carol was finding out that Anna is discovering whether those contractors were cleaning those movie theaters.,Mitchell can discover that that dancer won't know Sally after thinking about Richard.,Mitchell can discover who that dancer won't know after thinking about Richard.,Mitchell can discover that that dancer arisen after thinking about Richard won't know Sally.,Mitchell can discover who that dancer arisen after thinking about Richard won't know.,Some teachers find out that most drivers who reveal Katherine won't breed a lot of snakes.,Some teachers find out what most drivers who reveal Katherine won't breed.,19
20,These governments forget that a committee underwhelms Natalie with Jennifer.,These governments forget who a committee underwhelms with Jennifer.,These governments forget who a committee underwhelms Natalie with.,These governments forget who underwhelms Natalie.,Russell figures out that Sally knows that some woman hadn't understood Sarah.,Russell figures out who Sally knows that some woman hadn't understood.,Russell figures out that Sally knows whether some woman hadn't understood Sarah.,The partner remembers that these students know Lawrence while worrying Stephanie.,The partner remembers who these students know while worrying Stephanie.,The partner remembers that these students folded while worrying Stephanie know Lawrence.,The partner remembers who these students folded while worrying Stephanie know.,These banks learn that the lawyer who does destroy screens disagrees with Naomi.,These banks learn who the lawyer who does destroy screens disagrees with.,20
21,Gary can learn that that associate swept these tiles for Marie.,Gary can learn what that associate swept for Marie.,Gary can learn what that associate swept these tiles for.,Gary can learn what swept these tiles.,All boys revealed that Emily isn't realizing that a doctor taught Larry.,All boys revealed who Emily isn't realizing that a doctor taught.,All boys revealed that Emily isn't realizing whether a doctor taught Larry.,Stacy conceals that every partner drives to most closets after running around all hills.,Stacy conceals what every partner drives to after running around all hills.,Stacy conceals that every partner hurt after running around all hills drives to most closets.,Stacy conceals what every partner hurt after running around all hills drives to.,Patrick was finding out that this partner who wasn't building these restaurants exposed gates.,Patrick was finding out what this partner who wasn't building these restaurants exposed.,21
22,Laura remembers that all oncologists liked every screen for Mitchell.,Laura remembers what all oncologists liked for Mitchell.,Laura remembers what all oncologists liked every screen for.,Laura remembers what liked every screen.,Those waiters aren't investigating that Andrea doesn't know that a committee shouldn't bike to all malls.,Those waiters aren't investigating what Andrea doesn't know that a committee shouldn't bike to.,Those waiters aren't investigating that Andrea doesn't know whether a committee shouldn't bike to all malls.,The Impressionists forget that every offspring cleans most schools after insulting Caroline.,The Impressionists forget what every offspring cleans after insulting Caroline.,The Impressionists forget that every offspring investigated after insulting Caroline cleans most schools.,The Impressionists forget what every offspring investigated after insulting Caroline cleans.,Claire isn't learning that some hamsters what hadn't descended this ladder won't climb down ladders.,Claire isn't learning what some hamsters what hadn't descended this ladder won't climb down.,22
23,Diana has learned that a driver can shock Andrea with Amanda.,Diana has learned who a driver can shock with Amanda.,Diana has learned who a driver can shock Andrea with.,Diana has learned who can shock Andrea.,John figures out that every waiter can't find out that that waiter shouldn't drop by some high school.,John figures out what every waiter can't find out that that waiter shouldn't drop by.,John figures out that every waiter can't find out whether that waiter shouldn't drop by some high school.,Some boy did remember that a man doesn't fire an oncologist while distracting a lot of handymen.,Some boy did remember who a man doesn't fire while distracting a lot of handymen.,Some boy did remember that a man bothered while distracting a lot of handymen doesn't fire an oncologist.,Some boy did remember who a man bothered while distracting a lot of handymen doesn't fire.,Daniel reveals that that associate who wore many hats will criticize Dan.,Daniel reveals who that associate who wore many hats will criticize.,23
24,Catherine didn't forget that the contractors get all forks with Patricia.,Catherine didn't forget what the contractors get with Patricia.,Catherine didn't forget what the contractors get all forks with.,Catherine didn't forget what get all forks.,Benjamin is discovering that Karen knew that some banks grows every pepper.,Benjamin is discovering what Karen knew that some banks grows.,Benjamin is discovering that Karen knew whether some banks grows every pepper.,Some legislature had known that some guy had described Heather without admiring many lawyers.,Some legislature had known who some guy had described without admiring many lawyers.,Some legislature had known that some guy folded without admiring many lawyers had described Heather.,Some legislature had known who some guy folded without admiring many lawyers had described.,That organization wasn't discovering that those men who distracted some company forgot Anne.,That organization wasn't discovering who those men who distracted some company forgot.,24
25,Galileo is discovering that a lot of birds are scaring Karen for Holly.,Galileo is discovering who a lot of birds are scaring for Holly.,Galileo is discovering who a lot of birds are scaring Karen for.,Galileo is discovering who are scaring Karen.,All patients wouldn't learn that Nicole discovers that an offspring ascends many ladders.,All patients wouldn't learn what Nicole discovers that an offspring ascends.,All patients wouldn't learn that Nicole discovers whether an offspring ascends many ladders.,Most legislatures haven't learned that all children are thinking about a lot of committees while harming Keith.,Most legislatures haven't learned what all children are thinking about while harming Keith.,Most legislatures haven't learned that all children commanded while harming Keith are thinking about a lot of committees.,Most legislatures haven't learned what all children commanded while harming Keith are thinking about.,Organizations are figuring out that many patients who shake Kevin talk about Lori.,Organizations are figuring out who many patients who shake Kevin talk about.,25
26,Eric knew that some library hasn't bored Mary for most boys.,Eric knew who some library hasn't bored for most boys.,Eric knew who some library hasn't bored Mary for.,Eric knew who hasn't bored Mary.,Sandra realized that George hasn't remembered that some partner had climbed down most stairs.,Sandra realized what George hasn't remembered that some partner had climbed down.,Sandra realized that George hasn't remembered whether some partner had climbed down most stairs.,Every guest investigates that some customers observe Grace after escaping from Elaine.,Every guest investigates who some customers observe after escaping from Elaine.,Every guest investigates that some customers appeared after escaping from Elaine observe Grace.,Every guest investigates who some customers appeared after escaping from Elaine observe.,Harvard University had discovered that that hairdresser who loses Eric has lifted most slopes.,Harvard University had discovered what that hairdresser who loses Eric has lifted.,26
27,Anna hasn't known that a waiter lights all lamps with Melissa.,Anna hasn't known what a waiter lights with Melissa.,Anna hasn't known what a waiter lights all lamps with.,Anna hasn't known what lights all lamps.,Carl is investigating that Peter reveals that some pedestrian isn't breaking some cups.,Carl is investigating what Peter reveals that some pedestrian isn't breaking.,Carl is investigating that Peter reveals whether some pedestrian isn't breaking some cups.,Tamara reveals that some contractor arrived at most banks before appreciating every mall.,Tamara reveals what some contractor arrived at before appreciating every mall.,Tamara reveals that some contractor struck before appreciating every mall arrived at most banks.,Tamara reveals what some contractor struck before appreciating every mall arrived at.,Ann can't reveal that those committees what were fighting Rose fight Julie.,Ann can't reveal who those committees what were fighting Rose fight.,27
28,Larry wasn't realizing that every dentist can kiss Raymond with Ellen.,Larry wasn't realizing who every dentist can kiss with Ellen.,Larry wasn't realizing who every dentist can kiss Raymond with.,Larry wasn't realizing who can kiss Raymond.,Carl was learning that Curtis investigates that the man can love Kirsten.,Carl was learning who Curtis investigates that the man can love.,Carl was learning that Curtis investigates whether the man can love Kirsten.,Andrea doesn't reveal that this public park aids that waiter while hurting Judy.,Andrea doesn't reveal who this public park aids while hurting Judy.,Andrea doesn't reveal that this public park brought while hurting Judy aids that waiter.,Andrea doesn't reveal who this public park brought while hurting Judy aids.,Richard knew that every pedestrian who researches all rivers won't teach Daniel.,Richard knew who every pedestrian who researches all rivers won't teach.,28
29,Cynthia hadn't concealed that the person cleaned a bike with Sabrina.,Cynthia hadn't concealed what the person cleaned with Sabrina.,Cynthia hadn't concealed what the person cleaned a bike with.,Cynthia hadn't concealed what cleaned a bike.,Theodore forgets that Jason has figured out that some waiters struck an actor.,Theodore forgets who Jason has figured out that some waiters struck.,Theodore forgets that Jason has figured out whether some waiters struck an actor.,Many drivers might reveal that that waitress shouldn't argue about that actress after leading a lot of guests.,Many drivers might reveal who that waitress shouldn't argue about after leading a lot of guests.,Many drivers might reveal that that waitress helped after leading a lot of guests shouldn't argue about that actress.,Many drivers might reveal who that waitress helped after leading a lot of guests shouldn't argue about.,Those actresses realized that the men who haven't eaten a lot of peppers haven't talked about Cindy.,Those actresses realized who the men who haven't eaten a lot of peppers haven't talked about.,29
30,Carlos hasn't revealed that some rugs scare Stacy for Michelle.,Carlos hasn't revealed who some rugs scare for Michelle.,Carlos hasn't revealed who some rugs scare Stacy for.,Carlos hasn't revealed who scare Stacy.,Some ladies know that Patrick realizes that every museum cared for Gina.,Some ladies know who Patrick realizes that every museum cared for.,Some ladies know that Patrick realizes whether every museum cared for Gina.,Keith discovers that the child hadn't sounded like Stacy after overwhelming Tara.,Keith discovers who the child hadn't sounded like after overwhelming Tara.,Keith discovers that the child dated after overwhelming Tara hadn't sounded like Stacy.,Keith discovers who the child dated after overwhelming Tara hadn't sounded like.,Stacey will conceal that tutors who shoot Omar wrote the play.,Stacey will conceal what tutors who shoot Omar wrote.,30
31,Jason has figured out that people revealed that skirt with all actresses.,Jason has figured out what people revealed with all actresses.,Jason has figured out what people revealed that skirt with.,Jason has figured out what revealed that skirt.,Stacey hadn't realized that Emily had known that that senator has discovered Dana.,Stacey hadn't realized who Emily had known that that senator has discovered.,Stacey hadn't realized that Emily had known whether that senator has discovered Dana.,These lawyers discover that the doctor observes Adam while appreciating Rodney.,These lawyers discover who the doctor observes while appreciating Rodney.,These lawyers discover that the doctor urged while appreciating Rodney observes Adam.,These lawyers discover who the doctor urged while appreciating Rodney observes.,Raymond couldn't learn that this woman who is praising that actor fights Kirsten.,Raymond couldn't learn who this woman who is praising that actor fights.,31
32,The waitress hadn't revealed that some children lost Bill with some doctor.,The waitress hadn't revealed who some children lost with some doctor.,The waitress hadn't revealed who some children lost Bill with.,The waitress hadn't revealed who lost Bill.,Kenneth remembered that a student had investigated that the company researched the commentaries.,Kenneth remembered what a student had investigated that the company researched.,Kenneth remembered that a student had investigated whether the company researched the commentaries.,Jesus has figured out that this student hasn't boycotted every cafe after exposing a lady.,Jesus has figured out what this student hasn't boycotted after exposing a lady.,Jesus has figured out that this student awakened after exposing a lady hasn't boycotted every cafe.,Jesus has figured out what this student awakened after exposing a lady hasn't boycotted.,Guy learns that that contractor who lifted the pasta could aggravate Kenneth.,Guy learns who that contractor who lifted the pasta could aggravate.,32
33,Roger learns that an associate met Allison for that lady.,Roger learns who an associate met for that lady.,Roger learns who an associate met Allison for.,Roger learns who met Allison.,John hadn't investigated that Alan has realized that some school drove the skateboards.,John hadn't investigated what Alan has realized that some school drove.,John hadn't investigated that Alan has realized whether some school drove the skateboards.,Holly was remembering that some men eat many bananas without choosing Marie.,Holly was remembering what some men eat without choosing Marie.,Holly was remembering that some men reacted without choosing Marie eat many bananas.,Holly was remembering what some men reacted without choosing Marie eat.,The guy reveals that many students who sell the gates are lighting candles.,The guy reveals what many students who sell the gates are lighting.,33
34,These tutors reveal that this company wasn't talking to Guy for many customers.,These tutors reveal who this company wasn't talking to for many customers.,These tutors reveal who this company wasn't talking to Guy for.,These tutors reveal who wasn't talking to Guy.,This customer hasn't learned that Emily finds out that the hairdresser aggravated Steve.,This customer hasn't learned who Emily finds out that the hairdresser aggravated.,This customer hasn't learned that Emily finds out whether the hairdresser aggravated Steve.,Ellen hasn't investigated that some doctor shouldn't wear some shirt after thinking about this shirt.,Ellen hasn't investigated what some doctor shouldn't wear after thinking about this shirt.,Ellen hasn't investigated that some doctor pushed after thinking about this shirt shouldn't wear some shirt.,Ellen hasn't investigated what some doctor pushed after thinking about this shirt shouldn't wear.,Mary figures out that the contractors who are wearing a jacket couldn't see most chairs.,Mary figures out what the contractors who are wearing a jacket couldn't see.,34
35,Theresa had concealed that women could drop by a lot of rivers for Veronica.,Theresa had concealed what women could drop by for Veronica.,Theresa had concealed what women could drop by a lot of rivers for.,Theresa had concealed what could drop by a lot of rivers.,Those electricians had known that governments realize that many customers shock a lot of companies.,Those electricians had known what governments realize that many customers shock.,Those electricians had known that governments realize whether many customers shock a lot of companies.,Brenda could find out that a patient has sunk that ship before losing Matt.,Brenda could find out what a patient has sunk before losing Matt.,Brenda could find out that a patient discovered before losing Matt has sunk that ship.,Brenda could find out what a patient discovered before losing Matt has sunk.,Brenda reveals that these glasses what disturb Brian aren't hurting every girl.,Brenda reveals who these glasses what disturb Brian aren't hurting.,35
36,Most pedestrians reveal that those lights upset Tiffany with a lot of children.,Most pedestrians reveal who those lights upset with a lot of children.,Most pedestrians reveal who those lights upset Tiffany with.,Most pedestrians reveal who upset Tiffany.,Benjamin knew that many guests hadn't learned that a lot of waiters bit Wayne.,Benjamin knew who many guests hadn't learned that a lot of waiters bit.,Benjamin knew that many guests hadn't learned whether a lot of waiters bit Wayne.,Jeffrey shouldn't figure out that that coffee looked like all drawings after looking like every print.,Jeffrey shouldn't figure out what that coffee looked like after looking like every print.,Jeffrey shouldn't figure out that that coffee suffered after looking like every print looked like all drawings.,Jeffrey shouldn't figure out what that coffee suffered after looking like every print looked like.,Joseph was revealing that that dancer who had skated around a lot of college campuses drove to those hospitals.,Joseph was revealing what that dancer who had skated around a lot of college campuses drove to.,36
37,Stacy does conceal that this person does repair most forks with Chad.,Stacy does conceal what this person does repair with Chad.,Stacy does conceal what this person does repair most forks with.,Stacy does conceal what does repair most forks.,Amy hadn't concealed that Elaine has discovered that that government had lit a lot of projectors.,Amy hadn't concealed what Elaine has discovered that that government had lit.,Amy hadn't concealed that Elaine has discovered whether that government had lit a lot of projectors.,Many schools should learn that this partner isn't drawing all cafes without choosing some ice cream.,Many schools should learn what this partner isn't drawing without choosing some ice cream.,Many schools should learn that this partner advised without choosing some ice cream isn't drawing all cafes.,Many schools should learn what this partner advised without choosing some ice cream isn't drawing.,Alexander didn't know that this waiter who had cared for Catherine embarrasses Sarah.,Alexander didn't know who this waiter who had cared for Catherine embarrasses.,37
38,Dan investigates that the organization does listen to Colleen for this actor.,Dan investigates who the organization does listen to for this actor.,Dan investigates who the organization does listen to Colleen for.,Dan investigates who does listen to Colleen.,This waitress is remembering that these senators aren't investigating that the patients insults Andrew.,This waitress is remembering who these senators aren't investigating that the patients insults.,This waitress is remembering that these senators aren't investigating whether the patients insults Andrew.,Nina has found out that these men have destroyed all skateboards without keeping some cake.,Nina has found out what these men have destroyed without keeping some cake.,Nina has found out that these men hidden without keeping some cake have destroyed all skateboards.,Nina has found out what these men hidden without keeping some cake have destroyed.,Senators investigate that every oncologist who wasn't distracting Teresa didn't have those grocery stores.,Senators investigate what every oncologist who wasn't distracting Teresa didn't have.,38
39,A lot of governments conceal that all handymen weren't teaching this senator for those customers.,A lot of governments conceal who all handymen weren't teaching for those customers.,A lot of governments conceal who all handymen weren't teaching this senator for.,A lot of governments conceal who weren't teaching this senator.,Renee has forgotten that Sabrina remembered that that teenager had liked Amy.,Renee has forgotten who Sabrina remembered that that teenager had liked.,Renee has forgotten that Sabrina remembered whether that teenager had liked Amy.,Maria discovers that the waitress listens to waitresses after shaking every partner.,Maria discovers who the waitress listens to after shaking every partner.,Maria discovers that the waitress enticed after shaking every partner listens to waitresses.,Maria discovers who the waitress enticed after shaking every partner listens to.,Some boys realize that some piano teachers who can't confuse these partners led Ruth.,Some boys realize who some piano teachers who can't confuse these partners led.,39
40,Amy forgets that the waiter can wear that shirt for Emily.,Amy forgets what the waiter can wear for Emily.,Amy forgets what the waiter can wear that shirt for.,Amy forgets what can wear that shirt.,The French teachers know that Maria is remembering that the senator was complaining about this French teacher.,The French teachers know who Maria is remembering that the senator was complaining about.,The French teachers know that Maria is remembering whether the senator was complaining about this French teacher.,Natalie can know that the patient hadn't remembered Steven while hiding Rose.,Natalie can know who the patient hadn't remembered while hiding Rose.,Natalie can know that the patient held while hiding Rose hadn't remembered Steven.,Natalie can know who the patient held while hiding Rose hadn't remembered.,That waiter isn't discovering that many dentists who bite Patricia weren't choosing those mountains.,That waiter isn't discovering what many dentists who bite Patricia weren't choosing.,40
41,Those doctors find out that every boy returns to Carlos with Daniel.,Those doctors find out who every boy returns to with Daniel.,Those doctors find out who every boy returns to Carlos with.,Those doctors find out who returns to Carlos.,All children know that those drivers weren't figuring out that these boys had argued about Wendy.,All children know who those drivers weren't figuring out that these boys had argued about.,All children know that those drivers weren't figuring out whether these boys had argued about Wendy.,Peter isn't figuring out that some women sound like a waiter after curing George.,Peter isn't figuring out who some women sound like after curing George.,Peter isn't figuring out that some women explained everything after curing George sound like a waiter.,Peter isn't figuring out who some women explained everything after curing George sound like.,Joel isn't learning that this patient who should notice jackets should tour that high school.,Joel isn't learning what this patient who should notice jackets should tour.,41
42,The contractor hasn't discovered that a lot of French teachers haven't passed every college campus for Adam.,The contractor hasn't discovered what a lot of French teachers haven't passed for Adam.,The contractor hasn't discovered what a lot of French teachers haven't passed every college campus for.,The contractor hasn't discovered what haven't passed every college campus.,Matt would realize that Melanie investigates that every offspring cleaned every cup.,Matt would realize what Melanie investigates that every offspring cleaned.,Matt would realize that Melanie investigates whether every offspring cleaned every cup.,Charles isn't learning that dentists drive many carts after fixing some raft.,Charles isn't learning what dentists drive after fixing some raft.,Charles isn't learning that dentists admired after fixing some raft drive many carts.,Charles isn't learning what dentists admired after fixing some raft drive.,The lawyer has realized that hairdressers who hadn't researched some hill annoy these partners.,The lawyer has realized who hairdressers who hadn't researched some hill annoy.,42
43,Kristen hadn't figured out that the lamp stuns a guy with some doctors.,Kristen hadn't figured out who the lamp stuns with some doctors.,Kristen hadn't figured out who the lamp stuns a guy with.,Kristen hadn't figured out who stuns a guy.,Martin figures out that some teachers remember that alumni had bored Melanie.,Martin figures out who some teachers remember that alumni had bored.,Martin figures out that some teachers remember whether alumni had bored Melanie.,Vincent hadn't forgotten that the waiter hadn't concealed Benjamin after shaking some lady.,Vincent hadn't forgotten who the waiter hadn't concealed after shaking some lady.,Vincent hadn't forgotten that the waiter observed after shaking some lady hadn't concealed Benjamin.,Vincent hadn't forgotten who the waiter observed after shaking some lady hadn't concealed.,That organization investigated that that associate who went to some public parks breeds the rabbits.,That organization investigated what that associate who went to some public parks breeds.,43
44,Those schools couldn't conceal that every offspring hasn't praised Jeffrey with Pamela.,Those schools couldn't conceal who every offspring hasn't praised with Pamela.,Those schools couldn't conceal who every offspring hasn't praised Jeffrey with.,Those schools couldn't conceal who hasn't praised Jeffrey.,This contractor isn't discovering that Kristin hadn't forgotten that most ladies would sink the canoe.,This contractor isn't discovering what Kristin hadn't forgotten that most ladies would sink.,This contractor isn't discovering that Kristin hadn't forgotten whether most ladies would sink the canoe.,Adam wouldn't discover that most pedestrians hadn't cleaned the plates before thinking about most windows.,Adam wouldn't discover what most pedestrians hadn't cleaned before thinking about most windows.,Adam wouldn't discover that most pedestrians urged before thinking about most windows hadn't cleaned the plates.,Adam wouldn't discover what most pedestrians urged before thinking about most windows hadn't cleaned.,Some pedestrians conceal that the girls who lead Mary love Roger.,Some pedestrians conceal who the girls who lead Mary love.,44
45,The Impressionists aren't realizing that all ladies were ascending some stairs with Tracy.,The Impressionists aren't realizing what all ladies were ascending with Tracy.,The Impressionists aren't realizing what all ladies were ascending some stairs with.,The Impressionists aren't realizing what were ascending some stairs.,Jane discovers that Debra reveals that a woman respected Anne.,Jane discovers who Debra reveals that a woman respected.,Jane discovers that Debra reveals whether a woman respected Anne.,Most museums know that this hypothesis disturbs Heidi while bothering Craig.,Most museums know who this hypothesis disturbs while bothering Craig.,Most museums know that this hypothesis washed while bothering Craig disturbs Heidi.,Most museums know who this hypothesis washed while bothering Craig disturbs.,The associates reveal that universities what weren't fighting Stephen shouldn't embarrass those guests.,The associates reveal who universities what weren't fighting Stephen shouldn't embarrass.,45
46,Russell had found out that that tutor had criticized every patient for Elaine.,Russell had found out who that tutor had criticized for Elaine.,Russell had found out who that tutor had criticized every patient for.,Russell had found out who had criticized every patient.,Some children realized that a lot of partners realize that the doctors should complain about Brad.,Some children realized who a lot of partners realize that the doctors should complain about.,Some children realized that a lot of partners realize whether the doctors should complain about Brad.,Every actress finds out that all doctors weren't scanning every play while praising Patricia.,Every actress finds out what all doctors weren't scanning while praising Patricia.,Every actress finds out that all doctors shrunk while praising Patricia weren't scanning every play.,Every actress finds out what all doctors shrunk while praising Patricia weren't scanning.,Many museums reveal that those actresses who meet a French teacher were boasting about some oncologist.,Many museums reveal who those actresses who meet a French teacher were boasting about.,46
47,Adam couldn't realize that these handymen get a truck with Derek.,Adam couldn't realize what these handymen get with Derek.,Adam couldn't realize what these handymen get a truck with.,Adam couldn't realize what get a truck.,Gary remembers that every committee remembers that some lawyer aggravate most people.,Gary remembers who every committee remembers that some lawyer aggravate.,Gary remembers that every committee remembers whether some lawyer aggravate most people.,George remembered that many guys couldn't hide these cups before revealing George.,George remembered what many guys couldn't hide before revealing George.,George remembered that many guys rusted before revealing George couldn't hide these cups.,George remembered what many guys rusted before revealing George couldn't hide.,Sarah learned that this boy who reveals jackets was exploring most malls.,Sarah learned what this boy who reveals jackets was exploring.,47
48,All waitresses discover that those oncologists sink a lot of rafts for Cynthia.,All waitresses discover what those oncologists sink for Cynthia.,All waitresses discover what those oncologists sink a lot of rafts for.,All waitresses discover what sink a lot of rafts.,Christine isn't discovering that Ann found out that a hospital fixed some ship.,Christine isn't discovering what Ann found out that a hospital fixed.,Christine isn't discovering that Ann found out whether a hospital fixed some ship.,Carl wasn't concealing that some electrician doesn't wear every sweater while admiring those doors.,Carl wasn't concealing what some electrician doesn't wear while admiring those doors.,Carl wasn't concealing that some electrician wasted away while admiring those doors doesn't wear every sweater.,Carl wasn't concealing what some electrician wasted away while admiring those doors doesn't wear.,Denise hasn't found out that a lot of guys who argue about Amanda can argue about Alan.,Denise hasn't found out who a lot of guys who argue about Amanda can argue about.,48
49,The ladies are investigating that every senator is impressing Walter for the Impressionists.,The ladies are investigating who every senator is impressing for the Impressionists.,The ladies are investigating who every senator is impressing Walter for.,The ladies are investigating who is impressing Walter.,Kevin concealed that Carol had investigated that some waiters watch Sarah.,Kevin concealed who Carol had investigated that some waiters watch.,Kevin concealed that Carol had investigated whether some waiters watch Sarah.,Noah is finding out that those actors haven't shaken John while watching William.,Noah is finding out who those actors haven't shaken while watching William.,Noah is finding out that those actors assembled while watching William haven't shaken John.,Noah is finding out who those actors assembled while watching William haven't shaken.,April remembers that some drivers who sweep a lot of kitchens expose Diane.,April remembers who some drivers who sweep a lot of kitchens expose.,49
50,Adam knew that piano teachers are bringing the turtles with Maria.,Adam knew what piano teachers are bringing with Maria.,Adam knew what piano teachers are bringing the turtles with.,Adam knew what are bringing the turtles.,Mitchell isn't realizing that the Lutherans hadn't revealed that the dancer can't sell a couch.,Mitchell isn't realizing what the Lutherans hadn't revealed that the dancer can't sell.,Mitchell isn't realizing that the Lutherans hadn't revealed whether the dancer can't sell a couch.,Andrew found out that most oncologists had healed Wayne while shocking Monica.,Andrew found out who most oncologists had healed while shocking Monica.,Andrew found out that most oncologists solidified while shocking Monica had healed Wayne.,Andrew found out who most oncologists solidified while shocking Monica had healed.,Marie knows that those teenagers who lost Carla cared for Julie.,Marie knows who those teenagers who lost Carla cared for.,50
51,Jerry wasn't discovering that many people liked these blouses for Andrea.,Jerry wasn't discovering what many people liked for Andrea.,Jerry wasn't discovering what many people liked these blouses for.,Jerry wasn't discovering what liked these blouses.,A tutor could investigate that a person concealed that oncologists weren't biting many tutors.,A tutor could investigate who a person concealed that oncologists weren't biting.,A tutor could investigate that a person concealed whether oncologists weren't biting many tutors.,The French teachers figure out that that teacher wasn't discovering that banana while discovering Rose.,The French teachers figure out what that teacher wasn't discovering while discovering Rose.,The French teachers figure out that that teacher needed while discovering Rose wasn't discovering that banana.,The French teachers figure out what that teacher needed while discovering Rose wasn't discovering.,Vincent has revealed that some pedestrian who lit some spotlights went to many schools.,Vincent has revealed what some pedestrian who lit some spotlights went to.,51
52,These contractors had learned that most guests should remember a senator for Liam.,These contractors had learned who most guests should remember for Liam.,These contractors had learned who most guests should remember a senator for.,These contractors had learned who should remember a senator.,This doctor is investigating that Winston Churchill had revealed that this boy is aggravating this contractor.,This doctor is investigating who Winston Churchill had revealed that this boy is aggravating.,This doctor is investigating that Winston Churchill had revealed whether this boy is aggravating this contractor.,The legislatures figure out that that dancer has hurt Elaine after hiding some patient.,The legislatures figure out who that dancer has hurt after hiding some patient.,The legislatures figure out that that dancer discussed after hiding some patient has hurt Elaine.,The legislatures figure out who that dancer discussed after hiding some patient has hurt.,Anna was concealing that customers who exited this high school hadn't cured Valerie.,Anna was concealing who customers who exited this high school hadn't cured.,52
53,Eric figures out that many electricians purchased every fork with Suzanne.,Eric figures out what many electricians purchased with Suzanne.,Eric figures out what many electricians purchased every fork with.,Eric figures out what purchased every fork.,Patricia wasn't forgetting that some doctor had found out that some companies heals Kevin.,Patricia wasn't forgetting who some doctor had found out that some companies heals.,Patricia wasn't forgetting that some doctor had found out whether some companies heals Kevin.,All hairdressers were realizing that many patients arrive at most high schools after exiting those closets.,All hairdressers were realizing what many patients arrive at after exiting those closets.,All hairdressers were realizing that many patients hugged after exiting those closets arrive at most high schools.,All hairdressers were realizing what many patients hugged after exiting those closets arrive at.,A lot of dancers haven't forgotten that the partner who cured Debra lost Omar.,A lot of dancers haven't forgotten who the partner who cured Debra lost.,53
54,Dawn learned that those ladies didn't investigate these legislatures with Theresa.,Dawn learned what those ladies didn't investigate with Theresa.,Dawn learned what those ladies didn't investigate these legislatures with.,Dawn learned what didn't investigate these legislatures.,Donna isn't forgetting that Valerie conceals that the bank loses these cats.,Donna isn't forgetting what Valerie conceals that the bank loses.,Donna isn't forgetting that Valerie conceals whether the bank loses these cats.,Curtis is discovering that some prints hadn't looked like those projectors while looking like handymen.,Curtis is discovering what some prints hadn't looked like while looking like handymen.,Curtis is discovering that some prints hunted while looking like handymen hadn't looked like those projectors.,Curtis is discovering what some prints hunted while looking like handymen hadn't looked like.,The girls have investigated that some dentists who go to some restaurant had brought every mirror.,The girls have investigated what some dentists who go to some restaurant had brought.,54
55,Theodore revealed that the eye looks like that painting for Aaron.,Theodore revealed what the eye looks like for Aaron.,Theodore revealed what the eye looks like that painting for.,Theodore revealed what looks like that painting.,All senators weren't learning that William has investigated that that university is lighting the candle.,All senators weren't learning what William has investigated that that university is lighting.,All senators weren't learning that William has investigated whether that university is lighting the candle.,Deanna is revealing that those senators haven't investigated a library while worrying some partner.,Deanna is revealing what those senators haven't investigated while worrying some partner.,Deanna is revealing that those senators departed while worrying some partner haven't investigated a library.,Deanna is revealing what those senators departed while worrying some partner haven't investigated.,Ladies were discovering that a lawyer who walks through some closet was overwhelming Colleen.,Ladies were discovering who a lawyer who walks through some closet was overwhelming.,55
56,Frank was discovering that this adult is underwhelming Sheila with Maria.,Frank was discovering who this adult is underwhelming with Maria.,Frank was discovering who this adult is underwhelming Sheila with.,Frank was discovering who is underwhelming Sheila.,Women realize that some man learned that some electricians reveals cars.,Women realize what some man learned that some electricians reveals.,Women realize that some man learned whether some electricians reveals cars.,Most patients remember that a lot of boys admired the forks while fixing these couches.,Most patients remember what a lot of boys admired while fixing these couches.,Most patients remember that a lot of boys burned while fixing these couches admired the forks.,Most patients remember what a lot of boys burned while fixing these couches admired.,All guests hadn't found out that many students who kiss many students were looking like some photographs.,All guests hadn't found out what many students who kiss many students were looking like.,56
57,Brett does forget that some senators sweep that floor for this actress.,Brett does forget what some senators sweep for this actress.,Brett does forget what some senators sweep that floor for.,Brett does forget what sweep that floor.,Piano teachers did discover that this library discovered that those customers climbed up most hills.,Piano teachers did discover what this library discovered that those customers climbed up.,Piano teachers did discover that this library discovered whether those customers climbed up most hills.,Most senators know that this senator is getting a lot of planes without drawing Helen.,Most senators know what this senator is getting without drawing Helen.,Most senators know that this senator spun around without drawing Helen is getting a lot of planes.,Most senators know what this senator spun around without drawing Helen is getting.,The driver knows that a tutor who had shaken Kathleen questioned most libraries.,The driver knows what a tutor who had shaken Kathleen questioned.,57
58,Alan reveals that all guests climb up stairs with Jesus.,Alan reveals what all guests climb up with Jesus.,Alan reveals what all guests climb up stairs with.,Alan reveals what climb up stairs.,Those organizations discover that most electricians had revealed that many governments work with Aaron.,Those organizations discover who most electricians had revealed that many governments work with.,Those organizations discover that most electricians had revealed whether many governments work with Aaron.,Jerry hasn't investigated that some bikes distract every boy after worrying Jesus.,Jerry hasn't investigated who some bikes distract after worrying Jesus.,Jerry hasn't investigated that some bikes married after worrying Jesus distract every boy.,Jerry hasn't investigated who some bikes married after worrying Jesus distract.,Alice realizes that some children who exit a mall wouldn't sweep all kitchens.,Alice realizes what some children who exit a mall wouldn't sweep.,58
59,Caroline would forget that the pedestrian shouldn't admire Omar with a boy.,Caroline would forget who the pedestrian shouldn't admire with a boy.,Caroline would forget who the pedestrian shouldn't admire Omar with.,Caroline would forget who shouldn't admire Omar.,Maria forgets that Thomas isn't investigating that every committee wasn't returning to the waitresses.,Maria forgets who Thomas isn't investigating that every committee wasn't returning to.,Maria forgets that Thomas isn't investigating whether every committee wasn't returning to the waitresses.,Martin hadn't figured out that every guest hasn't investigated Sandra without striking Deanna.,Martin hadn't figured out who every guest hasn't investigated without striking Deanna.,Martin hadn't figured out that every guest advised without striking Deanna hasn't investigated Sandra.,Martin hadn't figured out who every guest advised without striking Deanna hasn't investigated.,Rose investigated that a lot of dancers who draw Gary had forgiven Danielle.,Rose investigated who a lot of dancers who draw Gary had forgiven.,59
60,Dennis finds out that this student isn't healing Erin for Raymond.,Dennis finds out who this student isn't healing for Raymond.,Dennis finds out who this student isn't healing Erin for.,Dennis finds out who isn't healing Erin.,Janice discovers that the actors find out that the governments underwhelms Martin.,Janice discovers who the actors find out that the governments underwhelms.,Janice discovers that the actors find out whether the governments underwhelms Martin.,Anna had found out that most guys boycotted these universities after scaring Katherine.,Anna had found out what most guys boycotted after scaring Katherine.,Anna had found out that most guys met after scaring Katherine boycotted these universities.,Anna had found out what most guys met after scaring Katherine boycotted.,Most universities discover that some girl who walked through a closet can't scan all newspaper articles.,Most universities discover what some girl who walked through a closet can't scan.,60
61,Theodore knows that the doctors were bringing every carriage for Wayne.,Theodore knows what the doctors were bringing for Wayne.,Theodore knows what the doctors were bringing every carriage for.,Theodore knows what were bringing every carriage.,Every library hadn't concealed that those governments discover that handymen were confusing this adult.,Every library hadn't concealed who those governments discover that handymen were confusing.,Every library hadn't concealed that those governments discover whether handymen were confusing this adult.,Wayne concealed that every driver forgives Teresa without bothering Meredith.,Wayne concealed who every driver forgives without bothering Meredith.,Wayne concealed that every driver stunned without bothering Meredith forgives Teresa.,Wayne concealed who every driver stunned without bothering Meredith forgives.,Diana learns that that dancer who shakes Monica was thinking about a scarf.,Diana learns what that dancer who shakes Monica was thinking about.,61
62,Every podiatrist isn't remembering that most people hired Melanie for Thomas.,Every podiatrist isn't remembering who most people hired for Thomas.,Every podiatrist isn't remembering who most people hired Melanie for.,Every podiatrist isn't remembering who hired Melanie.,Rose shouldn't learn that Kevin might discover that the offspring hear Tamara.,Rose shouldn't learn who Kevin might discover that the offspring hear.,Rose shouldn't learn that Kevin might discover whether the offspring hear Tamara.,Mary knows that an association worries Marcus while hiring Alan.,Mary knows who an association worries while hiring Alan.,Mary knows that an association refused while hiring Alan worries Marcus.,Mary knows who an association refused while hiring Alan worries.,Danielle knows that that French teacher who sank most canoes has distracted Kimberley.,Danielle knows who that French teacher who sank most canoes has distracted.,62
63,The organizations discover that the beers overwhelm Kimberley with some guest.,The organizations discover who the beers overwhelm with some guest.,The organizations discover who the beers overwhelm Kimberley with.,The organizations discover who overwhelm Kimberley.,Most associates learned that Tracy conceals that that customer can't drive those carriages.,Most associates learned what Tracy conceals that that customer can't drive.,Most associates learned that Tracy conceals whether that customer can't drive those carriages.,Sheila will realize that some oncologists were singing many melodies before researching some opera.,Sheila will realize what some oncologists were singing before researching some opera.,Sheila will realize that some oncologists condensed before researching some opera were singing many melodies.,Sheila will realize what some oncologists condensed before researching some opera were singing.,A lot of boys remember that that guest who isn't hearing Kendra isn't hindering Walter.,A lot of boys remember who that guest who isn't hearing Kendra isn't hindering.,63
64,All doctors find out that these tutors light most lights for Debra.,All doctors find out what these tutors light for Debra.,All doctors find out what these tutors light most lights for.,All doctors find out what light most lights.,The Impressionists investigate that Sarah finds out that a person aggravate Kendra.,The Impressionists investigate who Sarah finds out that a person aggravate.,The Impressionists investigate that Sarah finds out whether a person aggravate Kendra.,Eva discovers that the associate researched the cafes before going to the grocery store.,Eva discovers what the associate researched before going to the grocery store.,Eva discovers that the associate soaked before going to the grocery store researched the cafes.,Eva discovers what the associate soaked before going to the grocery store researched.,Joseph concealed that many doctors who shock that association appreciate a grocery store.,Joseph concealed what many doctors who shock that association appreciate.,64
